0,1,2,3,4,5,6,7,8,9
robotics,machine learning,ontology,genetic algorithm,expert,artificial neural networks,planning,expert system,anfis,power
agent,fuzzy logic,knowledge,optimization,reasoning,simulation,scheduling,multi agent system,fuzzy set,fpga
game,data mining,human computer interaction,algorithm,knowledge representation,distributed artificial intelligence,control,knowledge system,clustering,routing
robot,support vector machine,cybernetics,particle swarm optimization,pattern recognition,multi agent,sensor,decision support system,wavelet transform,energy
education,learning,cognitive science,decision tree,natural language processing,decision making,process control,intelligent agent,fuzzy,sat
virtual reality,classification,semantic web,forecasting,diagnosis,decision support,wireless sensor network,knowledge management,regression,pid
internet thing,reinforcement learning,cognition,evolutionary algorithm,knowledge base,fault diagnosis,cloud computing,intelligent system,wavelet,time
mobile robot,modeling,computer,heuristic,database,computational intelligence,power system,knowledge engineering,logistic regression,gps
internet,image processing,emotion,fuzzy control,information retrieval,uncertainty,real time,computer vision,regression analysis,gpu
monitoring,prediction,consciousness,solving,knowledge acquisition,constraint satisfaction,path planning,automation,backpropagation,mppt
autonomous agent,bayesian network,semantics,ant colony optimization,intelligence,swarm intelligence,supply chain management,multiagent system,classifier,
smart grid,genetic programming,bioinformatics,simulated annealing,game theory,big data,distributed system,computer aided,entropy,
management,modelling,human robot interaction,search,self organizing map,soft computing,operation,intelligent tutoring system,fuzzy clustering,
technology,rough set,context,optimisation,artificial intelligence technique,tabu search,control system,software engineering,ensemble,
security,model,creativity,time series,knowledge discovery,fuzzy system,distributed control,geographic information,k nearest neighbor,
autonomy,evolutionary computation,computer science,heuristic search,artificial life,condition monitoring,maintenance,intelligent control,test,
system,feature extraction,language,complexity,text mining,component,production,intelligent,estimation,
manufacturing,e learning,web,adaptive control,argumentation,signal processing,renewable energy,architecture,fuzzy c mean,
software,multi layer perceptron,medical informatics,performance,speech recognition,turing test,process planning,information system,decomposition,
cooperation,principal component analysis,breast cancer,hybrid,temporal reasoning,integration,strategy,ambient intelligence,filtering,
web service,feature selection,psychology,combinatorial optimization,embodiment,fault detection,energy management,application,multivariate statistic,
video game,logic programming,cognitive informatics,reliability,social network analysis,intrusion detection,distributed,information,linear regression,
risk,rule,ethic,power transformer,artificial intelligence application expert system,network,automated planning,information technology,naive bayes,
manufacturing system,logic,review,load forecasting,artificial immune,methodology,process,computer game,discrete wavelet transform,
mobile agent,identification,natural language,constraint programming,perception,evolution,optimal control,multiagent,fuzzy model,
quality service,fuzzy inference,epistemology,linear programming,cognitive computing,object oriented programming,memory,negotiation,linear discriminant analysis,
flexible manufacturing system,convolutional neural networks,philosophy,multi objective optimization,learning system,machine vision,supervisory control,user interface,multiple linear regression,
smart home,adaptive neuro fuzzy inference,mind,back propagation,visualization,hybrid system,photovoltaic,remote sensing,bayes theorem,
java,evaluation,interaction,forecast,information extraction,computer simulation,distributed generation,communication,clustering algorithm,
real time system,deep learning,cognitive radio,adaptive,semantic network,affective computing,distributed computing,computer aided diagnosis,selection,
agent technology,support vector regression,concept,local search,theory,computational complexity,obstacle avoidance,intelligent tutoring,classification regression tree,
autonomous system,representation,cancer,quality control,cognitive architecture,object oriented,job shop scheduling,coordination,boosting,
safety,neuro fuzzy,survey,stability,automated reasoning,cellular automaton,unmanned aerial vehicle,engineering,nonlinear,
intelligent transportation system,fuzzy neural network,brain,search engine,prognosis,dynamic programming,supply chain,project management,svr,
humanoid robot,induction motor,neuroscience,short term load forecasting,collective intelligence,metaheuristics,economic dispatch,medical diagnosis,fitting,
wastewater treatment,probability,phenomenology,constraint,artificial intelligence method,power quality,logistics,innovation,,
economics,graph theory,teaching,search algorithm,cbr,dynamic,resource allocation,intelligent robot,,
smart city,image analysis,dialogue,fuzzy logic controller,semantic similarity,complex system,vehicle routing,collaborative,,
autonomous vehicle,hidden markov model,vision,parameter estimation,information theory,parallel processing,electricity market,software agent,,
chatbot,data analysis,disease,maximum power point tracking,collaborative learning,petri net,nuclear power plant,multimedia,,
intelligent manufacturing system,programming,medicine,transformer,artificial intelligence application,markov decision process,flexible manufacturing,diagnostics,,
risk management,unsupervised learning,literature review,optimization method,rule reasoning,adaptive system,groundwater,human factor,,
rfid,statistic,cognitive robotics,kalman filter,face recognition,quality,grid computing,serious game,,
navigation,image segmentation,aiml,random forest,computational linguistics,model diagnosis,water quality,computer application,,
surveillance,qualitative reasoning,music,markov chain,cognitive model,framework,traffic control,information communication technology,,
intelligent manufacturing,pattern classification,history,computation,information fusion,frame,real time control,self organization,,
autonomous robot,radial basis function,science fiction,optimization technique,artificial intelligence medicine,risk assessment,energy consumption,behavior,,
virtual environment,training,philosophy mind,chaos,connectionism,parallel computing,optimal power flow,development,,
transportation,data fusion,formal language,fuzzy controller,knowledge representation reasoning,fuzzy logic control,photovoltaic system,computer assisted diagnosis,,
telemedicine,differential evolution,embodied cognition,heuristic algorithm,mathematics,surface roughness,power protection,world wide web,,
robocup,finite element,natural language understanding,distribution,explanation,prolog,solar energy,application expert system,,
environment,rough set theory,narrative,global optimization,knowledge representation formalism method,decision theory,inertial navigation,rule system,,
software tool,image classification,personality,efficiency,preference,matlab,collision avoidance,emergence,,
virtual world,gene expression programming,question answering,flood forecasting,relational database,answer set programming,task allocation,cognitive system,,
capp,analysis,cognitive psychology,energy efficiency,machine intelligence,sensor fusion,solar radiation,computer graphic,,
electronic commerce,graph,science,vibration,user modeling,credit scoring,production system,concurrent engineering,,
e commerce,adaptation,intuition,monte carlo tree search,recognition,automatic control,wind energy,network security,,
ds,qsar,synthetic biology,pid controller,sentiment analysis,clinical decision support,productivity,context awareness,,
agriculture,least square support vector machine,diabetes,parallel algorithm,agent modeling,electrocardiogram,planning scheduling,collaboration,,
interface,fuzzy set theory,culture,transient stability,denotational mathematics,discrete event system,wind power,crowdsourcing,,
social robot,extreme learning machine,wordnet,back propagation algorithm,nonmonotonic reasoning,quantum computing,assembly,ubiquitous computing,,
stock market,satisfiability,meaning,firefly algorithm,natural intelligence,construction,dynamic system,ambient assisted living,,
chess,abduction,kdd,particle swarm optimization algorithm,conceptual,multi agent simulation,fault location,personalization,,
event,bp neural network,cognitive,space,artificial intelligence general,granular computing,production scheduling,mechatronics,,
health care,fuzzy reasoning,tacit knowledge,nonlinear system,abstract intelligence,assessment,protection,business intelligence,,
electronic nose,model reasoning,epidemiology,metaheuristic,modal logic,sensor network,pid control,embedded system,,
future,radial basis function neural network,autism,multiobjective optimization,learning style,evolutionary computing,atm,finance,,
jade,q learning,chinese room,pi controller,optical character recognition,grinding,load balancing,artificial intelligence education,,
resource management,membership function,taxonomy,constraint propagation,symbol grounding,control theory,strategic planning,recommender system,,
bot,mathematical model,alzheimer disease,direct torque control,image understanding,distribution network,cnc,marketing,,
agency,inference engine,cyborg,machining,image recognition,construction management,simulator,blackboard,,
tool,dissolved gas analysis,metaphor,harmonic,analogy,artificial intelligence planning,drilling,real time computer system,,
robot navigation,fuzzy cognitive map,xml,tracking,medical imaging,belief network,energy saving,action,,
emergency management,association rule,lung cancer,ant colony algorithm,abstraction,failure detection,flood,knowledge sharing,,
virtual agent,evolutionary programming,motivation,demand forecasting,cognitive modeling,applied artificial intelligence,condition maintenance,agent architecture,,
social medium,supervised learning,human intelligence,temperature,functionalism,object tracking,operational,computer integrated manufacturing,,
autonomous mobile robot,inference,owl,monte carlo simulation,text analysis,artificial bee colony,operation management,network management,,
product,anomaly detection,pedagogy,branch bound,turing machine,artificial intelligence algorithm,protocol,interoperability,,
goal,graphical model,primary language,backtracking,influence diagram,distributed solving,transmission line,man machine interface,,
humanoid,hybrid model,situated cognition,mpeg,object recognition,information processing,air pollution,computer aided engineering,,
mobile robotics,cluster analysis,religion,assembly line balancing,embodied artificial intelligence,response surface methodology,nash equilibrium,behaviour,,
cim,approximate reasoning,informatics,vector control,temporal logic,bankruptcy prediction,micro grid,artificial intelligent,,
mobile device,measurement,posthumanism,markov process,formal concept analysis,hybrid intelligent system,power operation,reverse engineering,,
agent system,segmentation,semiotics,iso,logic artificial intelligence,feed forward neural network,electric vehicle,rehabilitation,,
telecommunication,recurrent neural networks,evidence medicine,monte carlo,non player character,blackboard architecture,shortest path,organization,,
poker,back propagation neural network,computer science education,fm,pattern,computational artificial intelligence,grid,android,,
healthcare,discriminant analysis,cultural heritage,convergence,emotion recognition,functional network,wind turbine,augmented reality,,
cyberspace,distance learning,tutoring,crossover,activity recognition,conflict resolution,production planning,trust,,
nanotechnology,verification,opinion mining,calibration,cognitive process,deep belief network,dynamic scheduling,software architecture,,
robot soccer,probabilistic neural network,pathology,hybrid algorithm,linguistic geometry,artificial immune system,power plant,geographic information system,,
law,fuzzy rule,,pruning,intentionality,decision,microgrid,sustainability,,
industry,statistical analysis,,pmsm,knowledge extraction,concrete,manufacturing process,information security,,
trend,performance evaluation,,heuristic programming,description logic,neuro fuzzy system,facility layout,intelligent environment,,
avatar,decision analysis,,fault tolerance,artificial general intelligence,computing methodology,traffic management,captcha,,
cam,non monotonic reasoning,,ant algorithm,defeasible reasoning,constraint satisfaction problem,ship,competition,,
service,electroencephalogram,,particle filter,mammography,topology,,intelligent machine,,
gaming,testing,,mutation,qualitative spatial reasoning,data processing,,cooperative system,,
ecology,time series analysis,,,melanoma,analytic hierarchy process,,agent modelling,,
curriculum,computational model,,,first order logic,partial discharge,,clinical decision support system,,
assistive technology,meta heuristic,,,computational biology,motion planning,,metadata,,
computer technology,learning algorithm,,,facial expression,active power filter,,database management,,
wireless communication,validation,,,structure activity relationship,intelligent decision support,,software development,,
game engine,similarity,,,epilepsy,implementation,,biomimetics,,
open source,qualitative simulation,,,possibility theory,data,,service oriented architecture,,
remote monitoring,computational modeling,,,learning object,evolutionary robotics,,information management,,
teleoperation,retrieval,,,study,neural network application,,lisp,,
autonomous,technique,,,belief revision,data acquisition,,pedagogical agent,,
,associative memory,,,computational neuroscience,online dispute resolution,,real time strategy game,,
,detection,,,biometrics,computing,,mechanism,,
,experiment,,,knowledge discovery database,computational creativity,,product development,,
,rule induction,,,student modeling,software testing,,tool wear,,
,categorization,,,web mining,information storage retrieval,,agent oriented software engineering,,
,inductive learning,,,character recognition,complex,,workflow,,
,singularity,,,technical analysis,feedback,,credit risk,,
,neural network model,,,machine ethic,risk factor,,man machine system,,
,integer programming,,,programming language,computing methodology artificial intelligence,,corba,,
,text classification,,,conceptual graph,mechanical property,,graphical user interface,,
,bayesian inference,,,causal reasoning,architectural,,computer assisted,,
,adaptive learning,,,artificial intelligence law,defect,,computer control,,
,sensitivity analysis,,,quantitative structure activity relationship,automaton,,data warehouse,,
,robustness,,,legal reasoning,opponent modeling,,intelligent building,,
,dempster shafer theory,,,metacognition,game tree search,,agent model,,
,algebra,,,data base,constraint logic programming,,privacy,,
,k mean clustering,,,student model,turning,,kinect,,
,prediction model,,,semantic analysis,positron emission tomography,,system engineering,,
,modeling simulation,,,artificial intelligence model,heart rate variability,,digital library,,
,pattern matching,,,clinical guideline,simulation modeling application,,interactive learning environment,,
,machine translation,,,constructivism,data structure,,interactive,,
,adaptive network fuzzy inference,,,spatial reasoning,porosity,,multi robot,,
,radial basis function network,,,hypermedia,distance education,,model management,,
,bayesian belief network,,,psychoanalysis,automated theorem proving,,conversational agent,,
,generalization,,,image god,machine tool,,educational data mining,,
,model checking,,,word sense disambiguation,standardization,,expert shell,,
,self learning,,,text processing,artificial bee colony algorithm,,web service composition,,
,similarity measure,,,action recognition,fixture,,electronic health record,,
,ensemble learning,,,argumentation theory,supervision,,pervasive computing,,
,taguchi,,,relation,vegetative state,,cyber physical system,,
,mapping,,,gene expression,bankruptcy,,semantic web service,,
,risk analysis,,,cognitive modelling,complex adaptive system,,transhumanism,,
,rule base,,,concept algebra,blackboard model,,multidisciplinary,,
,mathematical modelling,,,causality,high performance computing,,engineering education,,
,permeability,,,artificial intelligence knowledge representation formalism method,fitness function,,npc,,
,indexing,,,protein,tool condition monitoring,,brain computer interface,,
,wavelet analysis,,,,free,,anticipation,,
,online learning,,,,corrosion,,scenario,,
,image,,,,heat transfer,,medical decision making,,
,classification algorithm,,,,missing data,,hydrology,,
,fault classification,,,,solving control method search,,blackboard system,,
,analysis algorithm,,,,global positioning,,chemical industry,,
,dimensionality reduction,,,,parallelism,,human resource management,,
,propositional logic,,,,statistical process control,,auditing,,
,inductive inference,,,,inference mechanism,,intelligent user interface,,
,mathematical programming,,,,distributed cognition,,ergonomics,,
,inductive logic programming,,,,co ordination,,geographical information system,,
,rule extraction,,,,uncertainty management,,requirement engineering,,
,supervised classification,,,,,,bridge,,
,probabilistic reasoning,,,,,,conflict,,
,mathematical modeling,,,,,,computer education,,
,subtractive clustering,,,,,,quality life,,
,paraconsistent logic,,,,,,service composition,,
,nuclear magnetic resonance,,,,,,intellectual capital,,
,experimentation,,,,,,intelligent knowledge system,,
,fuzzy theory,,,,,,,,
,induction,,,,,,,,
,machine learning algorithm,,,,,,,,
,morphometry,,,,,,,,
,uncertainty analysis,,,,,,,,
,algorithm discovery,,,,,,,,
,computational geometry,,,,,,,,
,neuron,,,,,,,,
,multilayer perceptrons,,,,,,,,
,complexity theory,,,,,,,,
,image retrieval,,,,,,,,
,statistical,,,,,,,,
,boolean satisfiability,,,,,,,,
,time series prediction,,,,,,,,
,data compression,,,,,,,,
,pattern analysis,,,,,,,,
,gait analysis,,,,,,,,
,rbf neural network,,,,,,,,
,induction machine,,,,,,,,
,fuzzy modelling,,,,,,,,
,qualitative modeling,,,,,,,,
,structure,,,,,,,,
,spiking neural network,,,,,,,,
,formal method,,,,,,,,
,feature,,,,,,,,
,gmdh,,,,,,,,
,compressive strength,,,,,,,,
,statistical learning,,,,,,,,
,statistical method,,,,,,,,
,k mean,,,,,,,,
,correlation,,,,,,,,
,state estimation,,,,,,,,
,lattice,,,,,,,,
,method data analysis,,,,,,,,
,differential evolution algorithm,,,,,,,,
,perceptron,,,,,,,,
,predictive model,,,,,,,,
,attribute reduction,,,,,,,,
,automatic classification,,,,,,,,
,chemometrics,,,,,,,,
,discrete event simulation,,,,,,,,
,incremental learning,,,,,,,,
,search method,,,,,,,,
,vibration analysis,,,,,,,,
,simulation modeling,,,,,,,,
,fuzzy expert,,,,,,,,
,synthesis,,,,,,,,
,adaptive neuro fuzzy,,,,,,,,
,arc consistency,,,,,,,,
,learning process,,,,,,,,
,quantum computation,,,,,,,,
,learning automaton,,,,,,,,
,edge detection,,,,,,,,
,probabilistic logic,,,,,,,,
,nondestructive testing,,,,,,,,
,neuro fuzzy network,,,,,,,,
,parsing,,,,,,,,
,standard,,,,,,,,
,deep neural network,,,,,,,,
